BirdID,DOC,Weight,Bursa,Spleen,N6,Airport,Sum_r
19EWR052402,5/24/2019,70.65,0.1105,0.1105,0,EWR,4.17
19EWR052401,5/24/2019,65.33,NA,0.17,0,EWR,4.17
19EWR052901,5/29/2019,52.06,0.1002,0.0681,0,EWR,4.17
19EWR052907,5/29/2019,63.93,0.1101,0.1072,2,EWR,4.17
19EWR052906,5/29/2019,56.98,0.2071,0.1206,4,EWR,4.17
19EWR052904,5/29/2019,66.85,0.186,0.14,2,EWR,4.17
19EWR052909,5/29/2019,63.79,0.089,0.1438,0,EWR,4.17
19EWR052908,5/29/2019,66.23,0.1318,0.1793,0,EWR,4.17
19EWR052905,5/29/2019,67.84,0.1159,0.1907,4,EWR,4.17
19EWR052910,5/29/2019,61.88,0.1771,0.1973,3,EWR,4.17
19EWR052903,5/29/2019,77.41,NA,0.2132,0,EWR,4.17
19EWR052902,5/29/2019,75.66,0.1423,0.305,2,EWR,4.17
19EWR053101,5/31/2019,53.97,0.0752,0.0517,4,EWR,4.17
19EWR053104,5/31/2019,54.74,0.0965,0.0564,9,EWR,4.17
19EWR053102,5/31/2019,66.95,0.1281,0.1054,2,EWR,4.17
19EWR053103,5/31/2019,63.59,0.2211,0.1128,1,EWR,4.17
19JFK060105,6/1/2019,67.71,0.1652,0.0658,2,JFK,6.2625
19JFK060112,6/1/2019,72.57,0.1922,0.1023,1,JFK,6.2625
19JFK060119,6/1/2019,73.2,0.162,0.1056,2,JFK,6.2625
19JFK060103,6/1/2019,67.9,0.1392,0.1167,1,JFK,6.2625
19JFK060102,6/1/2019,75.8,0.174,0.1255,3,JFK,6.2625
19JFK060113,6/1/2019,71.09,0.1337,0.1298,2,JFK,6.2625
19JFK060109,6/1/2019,73.06,0.1662,0.1332,12,JFK,6.2625
19JFK060117,6/1/2019,77.39,0.2098,0.1366,1,JFK,6.2625
19JFK060120,6/1/2019,67.23,0.2264,0.1648,0,JFK,6.2625
19JFK060104,6/1/2019,70.78,0.1375,0.1677,0,JFK,6.2625
19JFK060111,6/1/2019,64.92,0.2033,0.1876,1,JFK,6.2625
19JFK060108,6/1/2019,75.77,0.1887,0.1969,0,JFK,6.2625
19JFK060106,6/1/2019,67.12,0.1138,0.1998,4,JFK,6.2625
19JFK060116,6/1/2019,72.29,0.1562,0.2268,2,JFK,6.2625
19JFK060107,6/1/2019,70.53,0.1378,0.2366,5,JFK,6.2625
19JFK060114,6/1/2019,60.07,0.0841,0.2458,1,JFK,6.2625
19JFK060118,6/1/2019,68.42,0.1279,0.3133,4,JFK,6.2625
19JFK060101,6/1/2019,68.85,0.1287,0.3165,15,JFK,6.2625
19JFK060115,6/1/2019,76.79,0.1836,0.3301,2,JFK,6.2625
19JFK060110,6/1/2019,68.78,0.1127,0.4922,1,JFK,6.2625
19EWR061203,6/12/2019,51.78,0.074,0.0538,2,EWR,6.2625
19EWR061201,6/12/2019,51.91,0.0787,0.0546,4,EWR,6.2625
19EWR061204,6/12/2019,55.78,0.1076,0.1097,3,EWR,6.2625
19EWR061202,6/12/2019,53.62,0.1043,0.1171,0,EWR,6.2625
19EWR061205,6/12/2019,60.09,0.0927,0.1274,4,EWR,6.2625
19EWR061303,6/13/2019,49.15,0.1372,0.0562,0,EWR,6.2625
19EWR061301,6/13/2019,60.48,0.0732,0.0729,0,EWR,6.2625
19EWR061302,6/13/2019,59.87,0.1463,0.08,2,EWR,6.2625
19EWR061304,6/13/2019,58.27,0.1206,0.1058,1,EWR,6.2625
19EWR061403,6/14/2019,72.45,0.1642,0.1389,2,EWR,6.2625
19EWR061406,6/14/2019,75.29,0.1881,0.1394,3,EWR,6.2625
19EWR061410,6/14/2019,68.25,0.1573,0.1557,4,EWR,6.2625
19EWR061401,6/14/2019,70.14,0.1428,0.1599,5,EWR,6.2625
19EWR061402,6/14/2019,70.26,0.2017,0.1897,3,EWR,6.2625
19EWR061409,6/14/2019,72.53,0.2042,0.2035,6,EWR,6.2625
19EWR061407,6/14/2019,78.91,0.22,0.2055,3,EWR,6.2625
19EWR061404,6/14/2019,71.33,0.3181,0.2178,0,EWR,6.2625
19EWR061411,6/14/2019,69.52,0.1929,0.2196,0,EWR,6.2625
19EWR061405,6/14/2019,73.07,0.1675,0.3089,4,EWR,6.2625
19EWR061408,6/14/2019,67.51,0.1937,0.3285,0,EWR,6.2625
19LGA061401,6/14/2019,63.33,0.2065,0.1133,8,LGA,6.2625
19JFK061801,6/18/2019,63.8,0.1271,0.0627,0,JFK,6.2625
19JFK061805,6/18/2019,71.24,0.1808,0.0929,0,JFK,6.2625
19JFK061806,6/18/2019,58.92,0.0582,0.1025,3,JFK,6.2625
19JFK061807,6/18/2019,60.53,0.1434,0.1162,5,JFK,6.2625
19JFK061804,6/18/2019,60.35,0.0729,0.1274,9,JFK,6.2625
19JFK061803,6/18/2019,71.05,0.1393,0.1506,15,JFK,6.2625
19JFK061808,6/18/2019,72.68,0.226,0.1868,0,JFK,6.2625
19JFK061802,6/18/2019,72.11,0.1529,0.2214,0,JFK,6.2625
19JFK062402,6/24/2019,58.7,0.0967,0.1032,1,JFK,6.2625
19JFK062403,6/24/2019,56.91,0.078,0.1234,2,JFK,6.2625
19JFK062401,6/24/2019,64.09,0.1601,0.1299,3,JFK,6.2625
19JFK062404,6/24/2019,63.9,0.1097,0.1363,8,JFK,6.2625
19JFK062501,6/25/2019,76.09,0.1935,0.1432,3,JFK,6.2625
19JFK062502,6/25/2019,65.81,0.1364,0.149,2,JFK,6.2625
19EWR062808,6/28/2019,59.66,0.0857,0.0761,8,EWR,6.2625
19EWR062804,6/28/2019,65.12,0.1754,0.1036,0,EWR,6.2625
19EWR062806,6/28/2019,54.97,0.1223,0.1117,0,EWR,6.2625
19EWR062809,6/28/2019,71.61,0.2187,0.1722,1,EWR,6.2625
19EWR062805,6/28/2019,58.08,0.172,0.1837,2,EWR,6.2625
19EWR062807,6/28/2019,67.57,0.1823,0.2066,1,EWR,6.2625
19EWR062803,6/28/2019,75.82,0.315,0.246,5,EWR,6.2625
19EWR062802,6/28/2019,70.89,0.2272,0.2628,4,EWR,6.2625
19EWR062801,6/28/2019,74.01,0.2785,0.3034,5,EWR,6.2625
19EWR062810,6/28/2019,74.45,0.197,0.3741,0,EWR,6.2625
19LGA062806,6/28/2019,49.64,0.0368,0.0556,1,LGA,6.2625
19LGA062813,6/28/2019,57.31,0.088,0.0764,1,LGA,6.2625
19LGA062818,6/28/2019,54.08,0.0795,0.0849,2,LGA,6.2625
19LGA062819,6/28/2019,46.62,0.0773,0.0867,3,LGA,6.2625
19LGA062816,6/28/2019,63.13,0.1088,0.0986,1,LGA,6.2625
19LGA062809,6/28/2019,58.92,0.0754,0.1049,6,LGA,6.2625
19LGA062807,6/28/2019,58.01,0.0962,0.1136,2,LGA,6.2625
19LGA062810,6/28/2019,53.79,0.1229,0.1405,3,LGA,6.2625
19LGA062804,6/28/2019,72.4,0.2625,0.156,1,LGA,6.2625
19LGA062808,6/28/2019,62.7,0.1558,0.1579,2,LGA,6.2625
19LGA062817,6/28/2019,61.83,0.1422,0.1608,2,LGA,6.2625
19LGA062812,6/28/2019,62.52,0.0928,0.171,7,LGA,6.2625
19LGA062811,6/28/2019,74.96,0.1308,0.1809,5,LGA,6.2625
19LGA062802,6/28/2019,68.74,0.1914,0.2197,2,LGA,6.2625
19LGA062801,6/28/2019,67.95,0.172,0.2381,4,LGA,6.2625
19LGA062805,6/28/2019,69.25,0.1704,0.2449,2,LGA,6.2625
19LGA062803,6/28/2019,67.68,0.0945,0.2531,3,LGA,6.2625
19LGA062820,6/28/2019,69.14,0.2241,0.2696,0,LGA,6.2625
19LGA062815,6/28/2019,73.59,0.3115,0.3366,2,LGA,6.2625
19LGA062814,6/28/2019,73.65,0.1807,0.3933,5,LGA,6.2625
19JFK062903,6/29/2019,52.94,0.0652,0.0687,2,JFK,6.2625
19JFK062904,6/29/2019,56.15,0.127,0.0767,4,JFK,6.2625
19JFK062902,6/29/2019,60.14,0.0513,0.0858,8,JFK,6.2625
19JFK062901,6/29/2019,71.58,0.1349,0.1497,5,JFK,6.2625
19JFK062905,6/29/2019,68.57,0.1328,0.1557,2,JFK,6.2625
19JFK062906,6/29/2019,74.5,0.2288,0.1605,4,JFK,6.2625
19TEB070207,7/2/2019,62.65,0.1492,0.1224,0,TEB,5.165
19TEB070202,7/2/2019,67.85,0.1865,0.1822,7,TEB,5.165
19TEB070204,7/2/2019,67.34,0.2068,0.1847,4,TEB,5.165
19TEB070201,7/2/2019,76.16,0.1986,0.206,1,TEB,5.165
19TEB070209,7/2/2019,66.89,0.1863,0.2095,0,TEB,5.165
19TEB070206,7/2/2019,64.86,0.1578,0.2337,0,TEB,5.165
19TEB070203,7/2/2019,74.78,0.1676,0.2378,5,TEB,5.165
19TEB070210,7/2/2019,80.7,0.3218,0.2521,4,TEB,5.165
19TEB070205,7/2/2019,61.53,0.233,0.255,0,TEB,5.165
19TEB070211,7/2/2019,72.54,0.2292,0.2905,4,TEB,5.165
19TEB070212,7/2/2019,73.65,0.2996,0.3141,4,TEB,5.165
19TEB070208,7/2/2019,76.7,0.2154,0.4061,5,TEB,5.165
19JFK070305,7/3/2019,56.28,0.0976,0.1026,0,JFK,5.165
19JFK070302,7/3/2019,64.31,0.1482,0.1037,5,JFK,5.165
19JFK070301,7/3/2019,75.19,0.1733,0.1183,1,JFK,5.165
19JFK070303,7/3/2019,72.29,0.3619,0.149,3,JFK,5.165
19JFK070304,7/3/2019,73.86,0.1452,0.3802,7,JFK,5.165
19TEB070303,7/3/2019,74.71,0.1667,0.1801,1,TEB,5.165
19TEB070308,7/3/2019,78.77,0.2047,0.1938,0,TEB,5.165
19TEB070301,7/3/2019,71.16,0.2328,0.246,4,TEB,5.165
19TEB070306,7/3/2019,70.23,0.3469,0.2732,4,TEB,5.165
19TEB070302,7/3/2019,75.11,0.1777,0.2779,1,TEB,5.165
19TEB070304,7/3/2019,74.8,0.1006,0.2879,3,TEB,5.165
19TEB070305,7/3/2019,73.1,0.2648,0.3072,7,TEB,5.165
19TEB070307,7/3/2019,78.5,0.2553,0.3695,0,TEB,5.165
19JFK070401,7/4/2019,51.8,0.093,0.1325,0,JFK,5.165
19JFK070403,7/4/2019,69.27,0.1864,0.1545,2,JFK,5.165
19JFK070402,7/4/2019,73.2,0.1769,0.156,5,JFK,5.165
19JFK070405,7/4/2019,73.02,0.1301,0.2917,5,JFK,5.165
19JFK070404,7/4/2019,86.29,0.1786,0.2992,0,JFK,5.165
19JFK070809,7/8/2019,49.85,0.0677,0.0669,2,JFK,5.165
19JFK070801,7/8/2019,55.02,0.1254,0.0718,4,JFK,5.165
19JFK070803,7/8/2019,62.86,0.1319,0.0825,0,JFK,5.165
19JFK070808,7/8/2019,47.91,0.0598,0.0953,2,JFK,5.165
19JFK070807,7/8/2019,57.33,0.1232,0.0953,5,JFK,5.165
19JFK070810,7/8/2019,44.07,0.0522,0.0963,0,JFK,5.165
19JFK070806,7/8/2019,56.74,0.0706,0.1059,3,JFK,5.165
19JFK070804,7/8/2019,64.58,0.1762,0.1409,2,JFK,5.165
19JFK070802,7/8/2019,57.52,0.0911,0.2457,1,JFK,5.165
19JFK070805,7/8/2019,69.37,0.136,0.0664,5,JFK,5.165
19EWR070901,7/9/2019,56.49,0.22,0.1008,1,EWR,5.165
19EWR070903,7/9/2019,62,0.1042,0.1317,7,EWR,5.165
19EWR070902,7/9/2019,75.58,0.3197,0.2362,3,EWR,5.165
19EWR070904,7/9/2019,74.19,0.2614,0.3366,3,EWR,5.165
19LGA070901,7/9/2019,61.85,0.1857,0.0978,0,LGA,5.165
19LGA070909,7/9/2019,72.09,0.1047,0.1019,1,LGA,5.165
19LGA070902,7/9/2019,70.24,0.1734,0.1123,0,LGA,5.165
19LGA070908,7/9/2019,77.24,0.2967,0.1937,0,LGA,5.165
19LGA070910,7/9/2019,75.64,0.2021,0.2021,4,LGA,5.165
19LGA070905,7/9/2019,60.53,0.1081,0.2331,3,LGA,5.165
19LGA070904,7/9/2019,65.04,0.2247,0.2464,1,LGA,5.165
19LGA070906,7/9/2019,75.2,0.2553,0.2653,6,LGA,5.165
19LGA070903,7/9/2019,69.97,0.1838,0.3038,0,LGA,5.165
19LGA070907,7/9/2019,74.11,0.2369,0.347,5,LGA,5.165
19EWR071101,7/11/2019,61.51,0.1025,0.0955,7,EWR,5.165
19EWR071103,7/11/2019,65.79,0.1861,0.1105,2,EWR,5.165
19EWR071104,7/11/2019,69.58,0.1561,0.1862,0,EWR,5.165
19EWR071102,7/11/2019,70.53,0.194,0.2488,0,EWR,5.165
19EWR071201,7/12/2019,54.12,0.1113,0.0752,1,EWR,5.165
19EWR071202,7/12/2019,56.9,0.1331,0.1137,0,EWR,5.165
19EWR071204,7/12/2019,67.64,0.2043,0.1266,0,EWR,5.165
19EWR071206,7/12/2019,63.76,0.1591,0.1842,1,EWR,5.165
19EWR071207,7/12/2019,76.38,0.1493,0.2772,0,EWR,5.165
19EWR071203,7/12/2019,77.39,0.1841,0.286,0,EWR,5.165
19EWR071205,7/12/2019,77.2,0.1828,0.3537,0,EWR,5.165
19LGA071206,7/12/2019,66.27,0.1632,0.0872,2,LGA,5.165
19LGA071207,7/12/2019,55.01,0.1194,0.1034,3,LGA,5.165
19LGA071205,7/12/2019,66.24,0.154,0.1305,5,LGA,5.165
19LGA071204,7/12/2019,68.43,0.1788,0.1448,5,LGA,5.165
19LGA071201,7/12/2019,62.4,0.1669,0.1693,0,LGA,5.165
19LGA071203,7/12/2019,73.82,0.1887,0.1863,0,LGA,5.165
19LGA071208,7/12/2019,64.67,0.1936,0.1963,1,LGA,5.165
19LGA071202,7/12/2019,70.76,0.2106,0.2017,1,LGA,5.165
19LGA071209,7/12/2019,70.85,0.1768,0.2978,0,LGA,5.165
19LGA071210,7/12/2019,76.08,0.296,0.381,0,LGA,5.165
19JFK071501,7/15/2019,49.87,0.0784,0.0679,1,JFK,5.165
19JFK071503,7/15/2019,47.89,0.0519,0.0782,0,JFK,5.165
19JFK071502,7/15/2019,50.39,0.0817,0.1131,2,JFK,5.165
19TEB071602,7/16/2019,68.62,0.1682,0.112,2,TEB,5.165
19TEB071606,7/16/2019,70.86,0.1043,0.1333,0,TEB,5.165
19TEB071607,7/16/2019,72.59,0.127,0.14,0,TEB,5.165
19TEB071603,7/16/2019,63.56,0.1283,0.1907,0,TEB,5.165
19TEB071601,7/16/2019,67.95,0.1246,0.2127,0,TEB,5.165
19TEB071605,7/16/2019,69.27,0.1212,0.3347,1,TEB,5.165
19TEB071604,7/16/2019,72.92,0.1363,0.4327,0,TEB,5.165
19EWR071701,7/17/2019,76.23,0.1424,0.1505,0,EWR,5.165
19EWR071702,7/17/2019,66.87,0.1213,0.0943,2,EWR,5.165
19EWR071703,7/17/2019,71.98,0.1377,0.2056,0,EWR,5.165
19EWR071704,7/17/2019,55.74,0.074,0.1057,1,EWR,5.165
19JFK071703,7/17/2019,68.41,0.161,0.0534,0,JFK,5.165
19JFK071701,7/17/2019,54.98,0.0641,0.0862,6,JFK,5.165
19JFK071702,7/17/2019,65.35,0.132,0.2924,0,JFK,5.165
19LGA071701,7/17/2019,60.23,0.1269,0.1336,0,LGA,5.165
19LGA071702,7/17/2019,82,0.2656,0.2772,0,LGA,5.165
19LGA071703,7/17/2019,64.55,0.1089,0.2792,1,LGA,5.165
19TEB071705,7/17/2019,64.63,0.1472,0.1328,0,TEB,5.165
19TEB071703,7/17/2019,78.01,0.2049,0.143,0,TEB,5.165
19TEB071704,7/17/2019,69.99,0.2417,0.1545,0,TEB,5.165
19TEB071706,7/17/2019,60.77,0.1342,0.1792,0,TEB,5.165
19TEB071702,7/17/2019,70.63,0.1611,0.1892,0,TEB,5.165
19TEB071701,7/17/2019,75.31,0.1531,0.33,1,TEB,5.165
19EWR071801,7/18/2019,65.74,0.1087,0.0716,0,EWR,5.165
19EWR071805,7/18/2019,73.55,0.2252,0.1077,1,EWR,5.165
19EWR071803,7/18/2019,64.29,0.1493,0.1484,1,EWR,5.165
19EWR071804,7/18/2019,68.77,0.1729,0.2069,0,EWR,5.165
19EWR071802,7/18/2019,65.42,0.2166,0.2329,2,EWR,5.165
19EWR071806,7/18/2019,68.96,0.2535,0.3632,0,EWR,5.165
19LGA071807,7/18/2019,59.62,0.1106,0.1168,1,LGA,5.165
19LGA071805,7/18/2019,72.12,0.1811,0.1264,0,LGA,5.165
19LGA071804,7/18/2019,63.42,0.1376,0.1739,3,LGA,5.165
19LGA071803,7/18/2019,63.27,0.158,0.1844,1,LGA,5.165
19LGA071808,7/18/2019,68.78,0.1612,0.1887,0,LGA,5.165
19LGA071801,7/18/2019,72.86,0.2235,0.1955,1,LGA,5.165
19LGA071806,7/18/2019,71.19,0.2396,0.2164,1,LGA,5.165
19LGA071802,7/18/2019,68.71,0.233,0.2312,1,LGA,5.165
19TEB071807,7/18/2019,71.15,0.1417,0.1682,0,TEB,5.165
19TEB071805,7/18/2019,80.81,0.1482,0.2207,5,TEB,5.165
19TEB071804,7/18/2019,69.08,0.1342,0.2265,1,TEB,5.165
19TEB071806,7/18/2019,69.79,0.1429,0.2345,0,TEB,5.165
19TEB071803,7/18/2019,75.51,0.1524,0.312,2,TEB,5.165
19TEB071802,7/18/2019,68.81,0.1172,0.3949,0,TEB,5.165
19TEB071801,7/18/2019,79.28,0.198,0.5229,3,TEB,5.165
19JFK071901,7/19/2019,56.22,0.0755,0.1054,0,JFK,5.165
19JFK071902,7/19/2019,58.05,0.0508,0.1119,1,JFK,5.165
19LGA071904,7/19/2019,63.05,0.1024,0.0587,5,LGA,5.165
19LGA071902,7/19/2019,57.13,0.0655,0.0893,4,LGA,5.165
19LGA071903,7/19/2019,55.04,0.1038,0.0941,0,LGA,5.165
19LGA071901,7/19/2019,62.13,0.1286,0.2203,0,LGA,5.165
19JFK072002,7/20/2019,53.26,0.0732,0.0653,4,JFK,5.165
19JFK072001,7/20/2019,56.3,0.1107,0.0671,1,JFK,5.165
19JFK072102,7/21/2019,56.33,0.0909,0.0892,0,JFK,5.165
19JFK072101,7/21/2019,52.9,0.0703,0.1246,2,JFK,5.165
19JFK072203,7/22/2019,55.49,0.0573,0.0878,1,JFK,5.165
19JFK072202,7/22/2019,53.1,0.744,0.0936,0,JFK,5.165
19JFK072205,7/22/2019,57.77,0.0349,0.0998,5,JFK,5.165
19JFK072201,7/22/2019,58.53,0.0921,0.1138,1,JFK,5.165
19JFK072204,7/22/2019,45.03,NA,NA,1,JFK,5.165
19JFK072301,7/23/2019,50.5,0.0809,0.0576,0,JFK,5.165
19JFK072302,7/23/2019,55.86,0.0612,0.0634,1,JFK,5.165
19JFK072304,7/23/2019,50.73,0.0969,0.0664,2,JFK,5.165
19JFK072305,7/23/2019,56.56,0.0691,0.07,0,JFK,5.165
19JFK072303,7/23/2019,53.19,0.1554,0.0984,2,JFK,5.165
19EWR072510,7/25/2019,57.22,0.0649,0.0127,1,EWR,5.165
19EWR072504,7/25/2019,55.79,0.0833,0.0978,0,EWR,5.165
19EWR072508,7/25/2019,56,0.0856,0.1029,0,EWR,5.165
19EWR072507,7/25/2019,43.49,0.0688,0.1034,0,EWR,5.165
19EWR072503,7/25/2019,63.76,0.1268,0.1506,0,EWR,5.165
19EWR072506,7/25/2019,64.95,0.1632,0.1549,0,EWR,5.165
19EWR072502,7/25/2019,73.7,0.11,0.1618,4,EWR,5.165
19EWR072509,7/25/2019,65.93,0.0987,0.1786,0,EWR,5.165
19EWR072501,7/25/2019,62.21,0.1042,0.1815,0,EWR,5.165
19EWR072505,7/25/2019,71.95,0.1516,0.1903,0,EWR,5.165
19LGA072602,7/26/2019,71.89,0.1496,0.1068,2,LGA,5.165
19LGA072601,7/26/2019,58.52,0.1888,0.167,0,LGA,5.165
19LGA072605,7/26/2019,68.35,0.2017,0.1754,0,LGA,5.165
19LGA072604,7/26/2019,64.04,0.1111,0.2262,3,LGA,5.165
19LGA072603,7/26/2019,63.5,0.153,0.2328,1,LGA,5.165
19JFK072915,7/29/2019,58.6,0.0798,0.0597,4,JFK,5.165
19JFK072903,7/29/2019,51.47,0.0291,0.0644,0,JFK,5.165
19JFK072902,7/29/2019,54.1,0.0638,0.0663,0,JFK,5.165
19JFK072901,7/29/2019,60.63,0.0837,0.0667,0,JFK,5.165
19JFK072919,7/29/2019,48.02,0.0588,0.0772,0,JFK,5.165
19JFK072910,7/29/2019,63.38,0.2202,0.0899,0,JFK,5.165
19JFK072917,7/29/2019,62.3,0.1115,0.0951,0,JFK,5.165
19JFK072914,7/29/2019,69.45,0.1995,0.1091,0,JFK,5.165
19JFK072913,7/29/2019,67.46,0.1814,0.1391,0,JFK,5.165
19JFK072908,7/29/2019,62.02,0.2249,0.1422,0,JFK,5.165
19JFK072912,7/29/2019,74.33,0.1959,0.1469,0,JFK,5.165
19JFK072909,7/29/2019,69.34,0.2461,0.1729,0,JFK,5.165
19JFK072904,7/29/2019,72.88,0.2103,0.1752,3,JFK,5.165
19JFK072911,7/29/2019,66.88,0.1847,0.1755,3,JFK,5.165
19JFK072918,7/29/2019,55.01,0.0609,0.1943,0,JFK,5.165
19JFK072906,7/29/2019,66.81,0.0856,0.2149,0,JFK,5.165
19JFK072916,7/29/2019,69.89,0.1353,0.2227,3,JFK,5.165
19JFK072905,7/29/2019,74.54,0.2288,0.2514,0,JFK,5.165
19JFK072907,7/29/2019,66.62,0.2339,0.3138,1,JFK,5.165
19JFK072920,7/29/2019,59.24,0.1162,0.3217,0,JFK,5.165
19EWR073102,7/31/2019,64.92,0.0958,0.1093,0,EWR,5.165
19EWR073107,7/31/2019,62.76,0.1432,0.1229,0,EWR,5.165
19EWR073110,7/31/2019,63.31,0.1789,0.1482,1,EWR,5.165
19EWR073108,7/31/2019,49.75,0.0923,0.1538,2,EWR,5.165
19EWR073109,7/31/2019,61.86,0.1153,0.2016,3,EWR,5.165
19EWR073105,7/31/2019,60.7,0.1035,0.2369,3,EWR,5.165
19EWR073106,7/31/2019,63.98,0.1004,0.2744,0,EWR,5.165
19EWR073103,7/31/2019,68.87,0.2337,0.2905,0,EWR,5.165
19EWR073104,7/31/2019,68.18,0.1952,0.4105,0,EWR,5.165
19EWR073101,7/31/2019,56.21,0.0703,0.783,0,EWR,5.165
19LGA073107,7/31/2019,53.98,0.0392,0.0594,0,LGA,5.165
19LGA073108,7/31/2019,62.25,0.0778,0.1244,0,LGA,5.165
19LGA073109,7/31/2019,74.08,0.1711,0.1597,2,LGA,5.165
19LGA073112,7/31/2019,61.08,0.1854,0.1665,0,LGA,5.165
19LGA073103,7/31/2019,70.31,0.129,0.1809,0,LGA,5.165
19LGA073102,7/31/2019,62.95,0.1196,0.1939,0,LGA,5.165
19LGA073111,7/31/2019,72.65,0.137,0.2034,1,LGA,5.165
19LGA073101,7/31/2019,71.09,0.1229,0.2038,4,LGA,5.165
19LGA073105,7/31/2019,68.24,0.1123,0.229,0,LGA,5.165
19LGA073106,7/31/2019,72.74,0.1462,0.3085,4,LGA,5.165
19LGA073104,7/31/2019,66.68,0.1294,0.3133,8,LGA,5.165
19LGA073110,7/31/2019,67.96,0.1012,0.4563,1,LGA,5.165
19EWR080210,8/2/2019,68.56,0.111,0.1304,0,EWR,5.73
19EWR080206,8/2/2019,66.2,0.1229,0.1476,0,EWR,5.73
19EWR080201,8/2/2019,73.69,0.1668,0.1737,0,EWR,5.73
19EWR080209,8/2/2019,74.11,0.1299,0.1932,0,EWR,5.73
19EWR080207,8/2/2019,59.8,0.1137,0.198,2,EWR,5.73
19EWR080205,8/2/2019,60.42,0.0954,0.2234,1,EWR,5.73
19EWR080204,8/2/2019,62.72,0.1629,0.2405,0,EWR,5.73
19EWR080208,8/2/2019,61.78,0.1624,0.2413,2,EWR,5.73
19EWR080202,8/2/2019,62.74,0.1587,0.2764,0,EWR,5.73
19EWR080203,8/2/2019,72.28,0.2043,NA,1,EWR,5.73
19LGA080201,8/2/2019,58.73,0.132,0.0926,0,LGA,5.73
19TEB080201,8/2/2019,66.5,0.0716,0.1254,2,TEB,5.73
19TEB080208,8/2/2019,70.23,0.1872,0.1282,0,TEB,5.73
19TEB080205,8/2/2019,74.95,0.2185,0.1596,0,TEB,5.73
19TEB080204,8/2/2019,70.57,0.0993,0.1634,1,TEB,5.73
19TEB080206,8/2/2019,67.1,0.1757,0.1698,0,TEB,5.73
19TEB080207,8/2/2019,74.96,0.1598,0.1946,1,TEB,5.73
19TEB080203,8/2/2019,64.31,0.1561,0.2063,0,TEB,5.73
19TEB080209,8/2/2019,76.72,0.1566,0.2124,0,TEB,5.73
19TEB080202,8/2/2019,75.45,0.1774,0.2507,1,TEB,5.73
19EWR080801,8/8/2019,63.52,0.144,0.1982,1,EWR,5.73
19TEB081505,8/15/2019,67.86,0.0759,0.11,1,TEB,5.73
19TEB081507,8/15/2019,71.92,0.0823,0.1277,0,TEB,5.73
19TEB081503,8/15/2019,57.74,0.0879,0.1393,1,TEB,5.73
19TEB081501,8/15/2019,67.35,0.1208,0.147,0,TEB,5.73
19TEB081504,8/15/2019,53.89,0.1052,0.1575,3,TEB,5.73
19TEB081506,8/15/2019,65.95,0.2406,0.1647,1,TEB,5.73
19TEB081502,8/15/2019,61.02,0.1092,0.1864,1,TEB,5.73
19TEB081508,8/15/2019,77.02,0.1517,0.1935,1,TEB,5.73
19TEB081604,8/16/2019,70.2,0.1312,0.0463,0,TEB,5.73
19TEB081605,8/16/2019,71.48,0.1634,0.0681,0,TEB,5.73
19TEB081603,8/16/2019,77.69,0.0867,0.0858,2,TEB,5.73
19TEB081602,8/16/2019,68.14,0.0974,0.145,4,TEB,5.73
19TEB081601,8/16/2019,73.44,0.1075,0.1736,1,TEB,5.73
19TEB081606,8/16/2019,72.15,0.1301,0.2083,0,TEB,5.73
19JFK082201,8/22/2019,55.05,0.0502,0.0622,3,JFK,5.73
19JFK082206,8/22/2019,66.38,0.2287,0.0763,0,JFK,5.73
19JFK082210,8/22/2019,64.5,0.1492,0.0779,0,JFK,5.73
19JFK082203,8/22/2019,63.31,0.1346,0.1061,0,JFK,5.73
19JFK082204,8/22/2019,63.47,0.1793,0.1322,1,JFK,5.73
19JFK082207,8/22/2019,68.64,0.1193,0.1455,0,JFK,5.73
19JFK082209,8/22/2019,73.36,0.1067,0.1593,1,JFK,5.73
19JFK082208,8/22/2019,70.26,0.1994,0.1698,1,JFK,5.73
19JFK082205,8/22/2019,68,0.1425,0.2025,5,JFK,5.73
19JFK082202,8/22/2019,71.61,0.1473,0.2372,0,JFK,5.73
19TEB082202,8/22/2019,62.13,0.1438,0.0804,0,TEB,5.73
19TEB082203,8/22/2019,75.68,0.0985,0.0968,2,TEB,5.73
19TEB082205,8/22/2019,79.8,0.124,0.1098,1,TEB,5.73
19TEB082201,8/22/2019,77.22,0.1389,0.1266,2,TEB,5.73
19TEB082206,8/22/2019,76.08,0.1123,0.1874,3,TEB,5.73
19TEB082204,8/22/2019,77.99,0.1262,NA,2,TEB,5.73
19EWR082301,8/23/2019,59.13,0.0799,0.0759,3,EWR,5.73
19EWR082303,8/23/2019,62.05,0.0839,0.0975,0,EWR,5.73
19EWR082312,8/23/2019,68.63,0.1132,0.1126,0,EWR,5.73
19EWR082307,8/23/2019,63.41,0.0723,0.115,3,EWR,5.73
19EWR082311,8/23/2019,66.75,0.0997,0.1172,1,EWR,5.73
19EWR082306,8/23/2019,62.92,0.0868,0.1243,0,EWR,5.73
19EWR082302,8/23/2019,72.15,0.1232,0.1304,0,EWR,5.73
19EWR082310,8/23/2019,65.82,0.1355,0.1408,0,EWR,5.73
19EWR082309,8/23/2019,81.25,0.1637,0.1667,0,EWR,5.73
19EWR082305,8/23/2019,69,0.1088,0.171,2,EWR,5.73
19EWR082308,8/23/2019,72.58,0.1257,0.1985,0,EWR,5.73
19EWR082313,8/23/2019,63.08,0.1546,0.1999,1,EWR,5.73
19EWR082304,8/23/2019,63.06,0.1952,NA,0,EWR,5.73
19JFK082909,8/29/2019,52.33,0.0518,0.0426,3,JFK,5.73
19JFK082910,8/29/2019,59.58,0.0468,0.0455,0,JFK,5.73
19JFK082905,8/29/2019,54.66,0.0773,0.0497,0,JFK,5.73
19JFK082908,8/29/2019,59.05,0.062,0.057,3,JFK,5.73
19JFK082903,8/29/2019,51.21,0.588,0.0607,0,JFK,5.73
19JFK082902,8/29/2019,45.96,0.0582,0.0638,1,JFK,5.73
19JFK082901,8/29/2019,55.99,0.0561,0.0674,0,JFK,5.73
19JFK082904,8/29/2019,58.03,0.0822,0.0703,1,JFK,5.73
19JFK082906,8/29/2019,56.21,0.1031,0.081,0,JFK,5.73
19JFK082907,8/29/2019,54.49,0.0842,NA,0,JFK,5.73
19EWR083002,8/30/2019,58.61,0.1371,0.0877,2,EWR,5.73
19EWR083001,8/30/2019,60.65,0.0763,0.2026,2,EWR,5.73
19TEB090509,9/5/2019,64.94,0.1332,0.0806,1,TEB,4.5925
19TEB090507,9/5/2019,63.05,0.0785,0.0884,2,TEB,4.5925
19TEB090501,9/5/2019,70.63,0.1046,0.0951,2,TEB,4.5925
19TEB090511,9/5/2019,83.31,0.1696,0.1239,0,TEB,4.5925
19TEB090513,9/5/2019,77.36,0.127,0.1294,0,TEB,4.5925
19TEB090519,9/5/2019,72.74,0.1875,0.1316,0,TEB,4.5925
19TEB090520,9/5/2019,72.11,0.0948,0.1333,1,TEB,4.5925
19TEB090517,9/5/2019,74.43,0.1541,0.1474,0,TEB,4.5925
19TEB090510,9/5/2019,65.98,0.1824,0.1515,0,TEB,4.5925
19TEB090516,9/5/2019,70.17,0.1151,0.1674,2,TEB,4.5925
19TEB090506,9/5/2019,75.24,0.0891,0.1695,0,TEB,4.5925
19TEB090518,9/5/2019,72.27,0.1209,0.1908,0,TEB,4.5925
19TEB090502,9/5/2019,74.13,0.1206,0.2186,0,TEB,4.5925
19TEB090512,9/5/2019,73.53,0.1431,0.2395,3,TEB,4.5925
19TEB090515,9/5/2019,66.65,0.091,0.2396,1,TEB,4.5925
19TEB090508,9/5/2019,68.59,0.1569,0.2481,1,TEB,4.5925
19TEB090514,9/5/2019,72.24,0.1245,0.2778,2,TEB,4.5925
19TEB090503,9/5/2019,77.32,0.0804,0.385,1,TEB,4.5925
19TEB090505,9/5/2019,75.25,0.1738,0.5033,1,TEB,4.5925
19TEB090504,9/5/2019,77.53,0.077,NA,0,TEB,4.5925
19JFK091301,9/13/2019,49.44,0.0463,0.0795,0,JFK,4.5925
